{"Logistic Regression": {"fpr": [0.0, 0.0, 0.0, 0.08333333333333333, 0.08333333333333333, 0.125, 0.125, 0.16666666666666666, 0.16666666666666666, 0.20833333333333334, 0.20833333333333334, 1.0, 1.0], "tpr": [0.0, 0.041666666666666664, 0.5833333333333334, 0.5833333333333334, 0.7083333333333334, 0.7083333333333334, 0.75, 0.75, 0.7916666666666666, 0.7916666666666666, 0.9583333333333334, 0.9583333333333334, 1.0], "auc": 0.9010416666666667}, "RandomForest": {"fpr": [0.0, 0.0, 0.0, 0.041666666666666664, 0.041666666666666664, 0.041666666666666664, 0.041666666666666664, 0.08333333333333333, 0.125, 0.16666666666666666, 0.2916666666666667, 0.2916666666666667, 0.3333333333333333, 0.3333333333333333, 0.375, 0.4583333333333333, 0.4583333333333333, 0.5, 0.5833333333333334, 0.875, 0.9583333333333334, 1.0], "tpr": [0.0, 0.041666666666666664, 0.5, 0.5, 0.5416666666666666, 0.625, 0.75, 0.7916666666666666, 0.7916666666666666, 0.8333333333333334, 0.8333333333333334, 0.875, 0.875, 0.9166666666666666, 0.9583333333333334, 0.9583333333333334, 1.0, 1.0, 1.0, 1.0, 1.0, 1.0], "auc": 0.9210069444444445}, "XGBoost": {"fpr": [0.0, 0.0, 0.0, 0.08333333333333333, 0.08333333333333333, 0.125, 0.125, 0.20833333333333334, 0.20833333333333334, 0.3333333333333333, 0.3333333333333333, 0.4583333333333333, 0.4583333333333333, 0.5, 0.5, 1.0], "tpr": [0.0, 0.041666666666666664, 0.7083333333333334, 0.7083333333333334, 0.75, 0.75, 0.7916666666666666, 0.7916666666666666, 0.875, 0.875, 0.9166666666666666, 0.9166666666666666, 0.9583333333333334, 0.9583333333333334, 1.0, 1.0], "auc": 0.9201388888888888}, "LightGBM": {"fpr": [0.0, 0.0, 0.0, 0.08333333333333333, 0.08333333333333333, 0.16666666666666666, 0.16666666666666666, 0.20833333333333334, 0.20833333333333334, 0.4166666666666667, 0.4166666666666667, 0.5, 0.5, 0.7083333333333334, 0.7083333333333334, 1.0], "tpr": [0.0, 0.041666666666666664, 0.75, 0.75, 0.7916666666666666, 0.7916666666666666, 0.8333333333333334, 0.8333333333333334, 0.875, 0.875, 0.9166666666666666, 0.9166666666666666, 0.9583333333333334, 0.9583333333333334, 1.0, 1.0], "auc": 0.9131944444444444}, "CatBoost": {"fpr": [0.0, 0.0, 0.0, 0.125, 0.125, 0.16666666666666666, 0.16666666666666666, 0.25, 0.25, 0.3333333333333333, 0.3333333333333333, 0.5, 0.5, 0.75, 0.75, 1.0], "tpr": [0.0, 0.041666666666666664, 0.6666666666666666, 0.6666666666666666, 0.75, 0.75, 0.8333333333333334, 0.8333333333333334, 0.875, 0.875, 0.9166666666666666, 0.9166666666666666, 0.9583333333333334, 0.9583333333333334, 1.0, 1.0], "auc": 0.8993055555555556}}