{"Gallstone Status": 0.4952978056426332, "Age": 48.06896551724138, "Gender": 0.49216300940438873, "Comorbidity": 0.335423197492163, "Coronary Artery Disease (CAD)": 0.03761755485893417, "Hypothyroidism": 0.02821316614420063, "Hyperlipidemia": 0.025078369905956112, "Diabetes Mellitus (DM)": 0.13479623824451412, "Height": 167.15673981191222, "Weight": 80.56489028213166, "Body Mass Index (BMI)": 28.87711598746081, "Total Body Water (TBW)": 40.587774294670844, "Extracellular Water (ECW)": 17.07115987460815, "Intracellular Water (ICW)": 23.63448275862069, "Extracellular Fluid/Total Body Water (ECF/TBW)": 42.212037617554856, "Total Body Fat Ratio (TBFR) (%)": 28.274984326018807, "Lean Mass (LM) (%)": 71.63824451410657, "Body Protein Content (Protein) (%)": 15.938808777429466, "Visceral Fat Rating (VFR)": 9.078369905956112, "Bone Mass (BM)": 2.803291536050157, "Muscle Mass (MM)": 54.27304075235109, "Obesity (%)": 35.85012539184953, "Total Fat Content (TFC)": 23.487774294670846, "Visceral Fat Area (VFA)": 12.171598746081504, "Visceral Muscle Area (VMA) (Kg)": 30.403448275862072, "Hepatic Fat Accumulation (HFA)": 1.1504702194357366, "Glucose": 108.68871473354231, "Total Cholesterol (TC)": 203.49529780564262, "Low Density Lipoprotein (LDL)": 126.65235109717868, "High Density Lipoprotein (HDL)": 49.47554858934169, "Triglyceride": 144.5021630094044, "Aspartat Aminotransferaz (AST)": 21.684952978056426, "Alanin Aminotransferaz (ALT)": 26.855799373040753, "Alkaline Phosphatase (ALP)": 73.11253918495298, "Creatinine": 0.8006112852664576, "Glomerular Filtration Rate (GFR)": 100.81890282131661, "C-Reactive Protein (CRP)": 1.8538557993730407, "Hemoglobin (HGB)": 14.418181818181816, "Vitamin D": 21.401410658316614}